batch_size,mean_latency_ms,std_latency_ms,mean_throughput_rps
1,8.06727766636565,1.0659980106280935,125.53479233240098
8,16.34040266617376,2.2008838934532955,495.95560146418
32,36.4085836669498,4.6306233633446405,889.1343060129334
128,125.20615266657842,8.312191885192526,1025.215401328951
