batch_size,mean_latency_ms,std_latency_ms,mean_throughput_rps
1,6.517847330542281,0.5974992558607585,154.2713995643798
8,12.805860996498572,1.3662228809472494,629.8042721853631
32,31.06522200202259,4.618408311885958,1046.7602281219836
128,111.45019499963382,7.824758599559213,1152.240812565418
