batch_size,mean_latency_ms,std_latency_ms,mean_throughput_rps
1,27.608799980953336,2.2086291754306053,36.37786091770544
8,44.63623332170149,5.3382845869030415,181.0602952019182
32,133.73206668378165,27.664444683703206,246.88963574604236
128,483.81523333955556,95.33366665208521,271.331264861376
