batch_size,mean_latency_ms,std_latency_ms,mean_throughput_rps
1,11.140317333380759,0.13149985438561357,89.77234363391345
8,20.892144999985856,1.96518407754807,385.2178776694588
32,46.76866666674565,9.378360632104874,702.4370462444202
128,146.79847333331963,15.069841286005282,877.8764266801994
