batch_size,mean_latency_ms,std_latency_ms,mean_throughput_rps
1,8.118352333137105,0.4390735709823797,123.42200818724659
8,12.13097766625045,0.6733423300681802,660.7839199855995
32,33.928119333419694,4.8324068240021365,955.9913436807839
128,97.17135400023835,0.8460029670015102,1317.3272058577452
