batch_size,mean_latency_ms,std_latency_ms,mean_throughput_rps
1,10.59365000158626,0.37467080325333746,94.47419763379146
8,19.750819335361786,1.3672471852945722,406.29521732040513
32,41.41595800077388,5.236952121204388,781.3815564563492
128,139.2087653342363,9.887703717296407,922.4889866881539
