batch_size,mean_latency_ms,std_latency_ms,mean_throughput_rps
1,9.595666701594988,0.6332638575062928,104.50884239093944
8,17.868166672997177,1.6513582676492224,450.3617815322595
32,45.739041680159666,7.556816602298404,713.6506987088281
128,160.19980533747002,13.12431189762927,802.4626057052757
