batch_size,mean_latency_ms,std_latency_ms,mean_throughput_rps
1,16.479870000087733,3.0405083919904587,62.09579992394748
8,16.82076099996266,0.34446713044629157,475.73588971309186
32,115.34874333316718,124.48725811861092,545.6308085433207
128,237.9992810000052,92.91479493827211,586.8047347769303
