batch_size,mean_latency_ms,std_latency_ms,mean_throughput_rps
1,9.358148333679614,0.4660067156040661,107.03190237468404
8,13.648688665853115,0.6046552165644026,586.8870138915498
32,28.053019333431923,3.1429360807258293,1150.845200645789
128,87.42401766721741,4.241022067817138,1466.3755837512701
