batch_size,mean_latency_ms,std_latency_ms,mean_throughput_rps
1,12.513113666652012,1.4825689864404088,80.62361520632906
8,21.943634000005357,2.59599327576544,368.1618489513726
32,48.23828400003549,9.74054265604758,681.2399706022243
128,173.7116159999156,45.346158257591355,767.3238023306071
