split,f1,precision,recall,roc_auc,pr_auc,brier
validation,0.9047619047619048,0.9223300970873787,0.8878504672897196,0.9941845650547843,0.9334847824812778,0.00695037525990545
test,0.8186528497409327,0.9186046511627907,0.7383177570093458,0.9735531280053265,0.8298691085359736,0.013456896171249658
