split,f1,precision,recall,roc_auc,pr_auc,brier
validation,0.8136882129277566,0.9469026548672567,0.7133333333333334,0.9881258535560458,0.8754126263845605,0.011454856476506757
test,0.7969348659003831,0.9285714285714286,0.697986577181208,0.9817233562967569,0.8500563215514017,0.01391191970099859
