split,f1,precision,recall,roc_auc,pr_auc,brier
validation,0.7984790874524715,0.9210526315789473,0.7046979865771812,0.9826263657368679,0.853098511638591,0.01269145384512042
test,0.758893280632411,0.9320388349514563,0.64,0.9790480698432733,0.8622154444203269,0.013163927359262771
