split,f1,precision,recall,roc_auc,pr_auc,brier
validation,0.8540925266903915,0.916030534351145,0.8,0.9867254963756698,0.8928815894622958,0.010780068341526035
test,0.7664233576642335,0.84,0.7046979865771812,0.9833261440479061,0.8576358152326706,0.014868545438859975
