split,f1,precision,recall,roc_auc,pr_auc,brier
validation,0.8561151079136691,0.9296875,0.7933333333333333,0.9889830864586616,0.9052531280653772,0.010259039526684194
test,0.7720588235294118,0.8536585365853658,0.7046979865771812,0.9863424721838089,0.8658719345449246,0.014331959373934559
