feature,slope,intercept,rvalue,pvalue,stderr
text_length_chars,-8.024270861730571e-06,0.061559606774363555,-0.07113259951972402,4.058415814893181e-05,1.952544502747519e-06
