feature,slope,intercept,rvalue,pvalue,stderr
text_length_chars,-7.661959862714702e-06,0.05997868619038106,-0.06735468862862819,0.000102058688572244,1.9694739404975542e-06
