feature,slope,intercept,rvalue,pvalue,stderr
text_length_chars,-8.730185936964735e-06,0.05973301824858764,-0.08292124853808014,1.7218609264884313e-06,1.8217411914692993e-06
