feature,slope,intercept,rvalue,pvalue,stderr
text_length_chars,-1.3693165490883447e-05,0.07699705649407076,-0.10700133377114038,1.6635549466533903e-07,2.608656653833973e-06
