feature,slope,intercept,rvalue,pvalue,stderr
text_length_chars,-8.096155628959833e-06,0.06174809868286843,-0.0714093381323837,3.786481519185637e-05,1.9623626617818745e-06
