feature,slope,intercept,rvalue,pvalue,stderr
text_length_chars,-7.796451642164766e-06,0.06011339843615489,-0.06907901652958522,6.737924107909518e-05,1.953789261682387e-06
