feature,slope,intercept,rvalue,pvalue,stderr
text_length_chars,-8.096155628959825e-06,0.061748098682868416,-0.07140933813238368,3.786481519185666e-05,1.9623626617818733e-06
