{
  "model_name": "linear_svm_C1.0",
  "model_type": "classical",
  "feature_type": "tfidf+tabular",
  "calibration_method": "isotonic",
  "threshold": 0.4679835498284937,
  "gray_zone": {
    "width": 0.1,
    "positive_label": "fraud",
    "negative_label": "legit",
    "review_label": "review"
  },
  "val_metrics": {
    "f1": 0.8136882129277566,
    "precision": 0.9469026548672567,
    "recall": 0.7133333333333334,
    "roc_auc": 0.9881258535560458,
    "pr_auc": 0.8754126263845605,
    "brier": 0.011454856476506757
  },
  "test_metrics": {
    "f1": 0.7969348659003831,
    "precision": 0.9285714285714286,
    "recall": 0.697986577181208,
    "roc_auc": 0.9817233562967569,
    "pr_auc": 0.8500563215514017,
    "brier": 0.01391191970099859
  },
  "test_ece": 0.006892760991517304,
  "extra": {}
}