{
  "model_name": "linear_svm_C1.0",
  "model_type": "classical",
  "feature_type": "tfidf+tabular",
  "calibration_method": "isotonic",
  "threshold": 0.5452064366991646,
  "gray_zone": {
    "width": 0.1,
    "positive_label": "fraud",
    "negative_label": "legit",
    "review_label": "review"
  },
  "val_metrics": {
    "f1": 0.8106060606060606,
    "precision": 0.9385964912280702,
    "recall": 0.7133333333333334,
    "roc_auc": 0.9881615715936548,
    "pr_auc": 0.8718187749510917,
    "brier": 0.011708387025871228
  },
  "test_metrics": {
    "f1": 0.789272030651341,
    "precision": 0.9196428571428571,
    "recall": 0.6912751677852349,
    "roc_auc": 0.9814421283668058,
    "pr_auc": 0.8453520635351476,
    "brier": 0.014119844039025718
  },
  "test_ece": 0.006142298360536347,
  "extra": {}
}