{
  "model_name": "ensemble_top3",
  "model_type": "classical",
  "feature_type": "tfidf+tabular",
  "calibration_method": null,
  "threshold": 0.4136752136752137,
  "gray_zone": {
    "width": 0.1,
    "positive_label": "fraud",
    "negative_label": "legit",
    "review_label": "review"
  },
  "val_metrics": {
    "f1": 0.8540925266903915,
    "precision": 0.916030534351145,
    "recall": 0.8,
    "roc_auc": 0.9867254963756698,
    "pr_auc": 0.8928815894622958,
    "brier": 0.010780068341526035
  },
  "test_metrics": {
    "f1": 0.7664233576642335,
    "precision": 0.84,
    "recall": 0.7046979865771812,
    "roc_auc": 0.9833261440479061,
    "pr_auc": 0.8576358152326706,
    "brier": 0.014868545438859975
  },
  "test_ece": 0.008717674227778369,
  "extra": {
    "components": [
      "linear_svm_C3.0",
      "linear_svm_C5.0",
      "linear_svm_C10.0"
    ],
    "is_ensemble": true
  }
}