{
  "model_name": "linear_svm_C1.0",
  "model_type": "classical",
  "feature_type": "tfidf+tabular",
  "calibration_method": "isotonic",
  "threshold": 0.4962815291546639,
  "gray_zone": {
    "width": 0.1,
    "positive_label": "fraud",
    "negative_label": "legit",
    "review_label": "review"
  },
  "val_metrics": {
    "f1": 0.9047619047619048,
    "precision": 0.9223300970873787,
    "recall": 0.8878504672897196,
    "roc_auc": 0.9941845650547843,
    "pr_auc": 0.9334847824812778,
    "brier": 0.00695037525990545
  },
  "test_metrics": {
    "f1": 0.8186528497409327,
    "precision": 0.9186046511627907,
    "recall": 0.7383177570093458,
    "roc_auc": 0.9735531280053265,
    "pr_auc": 0.8298691085359736,
    "brier": 0.013456896171249658
  },
  "test_ece": 0.008460557830279708,
  "extra": {}
}